{
    "name": "Malleable Body",
    "description": "Since your body is now made from gelatin, you're harmed substantially more when sliced by a sword. However, you can jump much higher than you otherwise would at your size.",
    "type": "origins:modify_damage_taken",
    "damage_condition": {
        "type": "origins:or",
        "conditions": [
            {
                "type": "origins:attacker",
                "entity_condition": {
                    "type": "origins:equipped_item",
                    "equipment_slot": "mainhand",
                    "item_condition": {
                        "type": "origins:ingredient",
                        "ingredient": {
                            "tag": "minecraft:swords"
                        }
                    }
                }
            }
        ]
    },
    "modifier": {
        "operation": "multiply_total",
        "value": 1
    }
}
