{
    "name": "Shrunk",
    "description": "Your body has finished shrinking, with you now standing at 90% your original height.",
    "type": "origins:multiple",

    "lose_size": {
    "type": "origins:action_on_callback",
    "entity_action_added": {
        "type": "origins:and",
        "actions": [
            {
                "type": "origins:execute_command",
                "command": "scale multiply pehkui:base 0.5 @s"
            },
	    {
		"type": "origins:execute_command",
		"command": "scale persist pehkui:base true @s"
	    }
        ]
    }
},
    "regain_size": {
        "type": "origins:action_on_callback",
    "entity_action_lost": {
        "type": "origins:and",
        "actions": [
            {
                "type": "origins:execute_command",
                "command": "scale divide pehkui:base 0.5 @s"
            },
	    {
		"type": "origins:execute_command",
		"command": "scale persist pehkui:base true @s"
	    }
        ]
    }
    }
}